id;title;description;published;due_date;done
1;Hollow Handcrafted Soft Gloves violet;robust compressing;false;2020-08-02T16:51:47;false
2;mesh Awesome online;Sausages primary;true;2020-08-03T09:29:09;false
3;SAS navigating Walk;virtual Borders;false;2020-08-02T17:00:01;true
4;Bedfordshire connect virtual;Analyst;false;2020-08-03T10:32:30;false
5;Central South Dakota;Courts Incredible Metal Chicken;true;2020-08-03T10:19:45;true
6;Hawaii;invoice Buckinghamshire;false;2020-08-03T05:30:09;false
7;circuit Strategist New York;exuding;false;2020-08-03T11:58:49;false
8;Gorgeous Wooden Bike bandwidth purple;invoice Tactics Dynamic;false;2020-08-03T07:38:07;true
9;enable Berkshire Auto Loan Account;Direct invoice Sausages;true;2020-08-03T05:18:55;false
10;invoice;hard drive;true;2020-08-03T06:06:12;true
